<?xml version="1.0" encoding="UTF-8" ?>
<!DOCTYPE DatabaseProfile SYSTEM "dbvis-defs.dtd" [
   <!ENTITY generic-commands SYSTEM "generic-commands.xml">
   <!ENTITY generic-view SYSTEM "generic-view.xml">
   ]>

<!--
   Copyright (c) 2010 DbVis Software AB. All Rights Reserved.
-->

<DatabaseProfile
   desc="Profile for DB2 LUW"
   version="$Revision: 12439 $"
   date="$Date: 2010-08-17 13:29:26 +0200 (Tue, 17 Aug 2010) $"
   minver="7.1">

   <!--
    Profile Notes
    =============
      None.

    Change Log
    ==========
      2007-09-11:
        - Now show Columns and Indexes as child objects for Table objects
      2006-09-18:
        - Added "Empty Table" action for table nodes
      2006-09-05:
        - Locks added in the Objects Tree
      2006-08-16:
        - Now possible to Create Function and Create Procedure
   -->

   <!-- =================================================================== -->
   <!-- Definition of the commands -->
   <!-- =================================================================== -->

   <Commands>

      &generic-commands;

      <!--
        The "getTableNamesFor" command is used by Database getTableNamesFor().
        It must return table names for the catalog and schema named by
        the ${table_catalog} and ${table_catalog} variables in the first
        column.
      -->
      <Command id="db2.getTableNamesFor">
        <SQL>
          <![CDATA[
SELECT tabname FROM  syscat.tables WHERE tabschema = '${table_schema}' ORDER BY tabname
            ]]>
        </SQL>   
      </Command>

      <!--
        The "getColumnNamesFor" command is used by Database getColumnNamesFor().
        It must return column names for the catalog, schema and table named by
        the ${table_catalog}, ${table_catalog} and ${table_name} variables in
        the first column.
      -->
      <Command id="db2.getColumnNamesFor">
        <SQL>
          <![CDATA[
SELECT COLNAME FROM SYSCAT.COLUMNS WHERE TABNAME = '${table_name}' AND TABSCHEMA = '${table_schema}' ORDER BY COLNAME
            ]]>
        </SQL>   
      </Command>

      <Command id="db2.getSchemas">
         <SQL>
            <![CDATA[
select * from syscat.schemata order by schemaname
            ]]>
         </SQL>
      </Command>

      <Command id="db2.getTables">
         <SQL>
            <![CDATA[
select * from syscat.tables where tabschema = '${owner}' and tabname like '${table}' and type like '${type}' order by tabname
            ]]>
         </SQL>
      </Command>

      <Command id="db2.getColumns">
         <SQL>
            <![CDATA[
select * from syscat.columns where tabschema = '${owner}' and tabname = '${table}' order by colno
            ]]>
         </SQL>
      </Command>

      <Command id="db2.getViews">
         <SQL>
            <![CDATA[
select v.viewschema,v.viewname,v.definer,v.seqno,v.viewcheck,v.readonly,v.valid,v.qualifier,t.remarks,func_path from syscat.views v, syscat.tables t where v.viewschema = t.tabschema and v.viewname = t.tabname and t.type = '${type}' and v.viewschema = '${owner}' and v.viewname like '${view}' order by v.viewname
            ]]>
         </SQL>
      </Command>

      <Command id="db2.getViewSource">
         <SQL>
            <![CDATA[
select text from syscat.views where viewschema = '${owner}' and viewname = '${view}'
            ]]>
         </SQL>
      </Command>

      <Command id="db2.getTriggers">
         <SQL>
            <![CDATA[
select trigschema,trigname,definer,tabschema,tabname,trigtime,trigevent,granularity,valid,create_time,qualifier,func_path,remarks from syscat.triggers where trigschema = '${owner}' and tabname like '${tableNamePattern}'
            ]]>
         </SQL>
      </Command>

      <Command id="db2.getTableTriggers">
         <SQL>
            <![CDATA[
select * from syscat.triggers where tabschema = '${owner}' and tabname = '${table}'
            ]]>
         </SQL>
      </Command>

      <Command id="db2.getTableTriggerSource">
         <SQL>
            <![CDATA[
select text from syscat.triggers where tabschema = '${owner}' and trigname = '${name}'
            ]]>
         </SQL>
      </Command>

      <Command id="db2.getTableConstraints">
         <SQL>
            <![CDATA[
SELECT t.constname "Name", t.definer "Definer", CASE WHEN t.type = 'F' THEN 'Foreign Key' WHEN t.type = 'P' THEN 'Primary Key' WHEN t.type = 'I' THEN 'Functional Dependency' WHEN t.type = 'K' THEN 'Check'  WHEN t.type = 'U' THEN 'Unique' ELSE t.type END "Type", t.remarks "Remarks", varchar(c.text) "Check Condition" FROM syscat.tabconst t LEFT OUTER JOIN syscat.checks c ON t.constname = c.constname and t.tabschema = c.tabschema and t.tabname = c.tabname WHERE t.tabschema = '${owner}' and t.tabname = '${table}' order by t.constname]]>
         </SQL>
      </Command>

      <Command id="db2.getIndexes">
         <SQL>
            <![CDATA[
select * from syscat.indexes where indschema = '${owner}' and tabname like '${tableNamePattern}' order by indschema, indname
            ]]>
         </SQL>
      </Command>

      <Command id="db2.getIndexColumns">
         <SQL>
            <![CDATA[
select * from syscat.indexcoluse where indschema = '${owner}' and indname = '${name}' order by indname, colseq
            ]]>
         </SQL>
      </Command>

      <Command id="db2.getSystemTables">
         <SQL>
            <![CDATA[
select * from syscat.tables where tabschema = '${owner}' order by tabschema, tabname
            ]]>
         </SQL>
         <Input name="owner" value="${getSchemas.TABLE.SCHEM}"/>
      </Command>

      <Command id="db2.getPackages">
         <SQL>
            <![CDATA[
select * from syscat.packages where pkgschema = '${owner}' order by pkgschema, pkgname
            ]]>
         </SQL>
      </Command>

      <Command id="db2.getFunctions">
         <SQL>
            <![CDATA[
select * from syscat.functions where funcschema = '${owner}' order by funcschema, funcname
            ]]>
         </SQL>
      </Command>

      <Command id="db2.getFunctionParms">
         <SQL>
            <![CDATA[
select * from syscat.funcparms where funcschema = '${owner}' and funcname = '${function}' and rowtype in (${rowtype}) and specificname like '${specificname}' order by specificname, ordinal
            ]]>
         </SQL>
      </Command>

      <Command id="db2.getProcedures">
         <SQL>
            <![CDATA[
select * from syscat.procedures where procschema = '${owner}' order by procschema, procname
            ]]>
         </SQL>
      </Command>

      <Command id="db2.getProcedureParms">
         <SQL>
            <![CDATA[
select * from syscat.procparms where procschema = '${owner}' and procname = '${procedure}' and specificname like '${specificname}' order by specificname, ordinal
            ]]>
         </SQL>
      </Command>

      <Command id="db2.getSequences">
         <SQL>
            <![CDATA[
select * from syscat.sequences where seqschema = '${owner}' and seqtype = 'S' order by seqname
            ]]>
         </SQL>
      </Command>

      <!-- ================================================================= -->
      <!-- DBA related commands requiring certain privileges in the database -->
      <!-- ================================================================= -->

      <Command id="db2.getGrantees">
         <SQL>
            <![CDATA[
select * from syscat.dbauth where granteetype = '${granteetype}' and grantee like '${grantee}'
            ]]>
         </SQL>
      </Command>

      <Command id="db2.getAuth">
         <SQL>
            <![CDATA[
select * from syscat.${table} where grantee = '${grantee}'
            ]]>
         </SQL>
      </Command>

      <Command id="db2.getTableSpaces">
         <SQL>
            <![CDATA[
select * from syscat.tablespaces
            ]]>
         </SQL>
      </Command>

      <!--select * from table (SNAPSHOT_LOCK(current server, -1)) tab-->

      <Command id="db2.getSnapshotLocks">
         <SQL>
            <![CDATA[
SELECT locks.table_schema, locks.table_name, locks.lock_object_type, users.agent_id, users.appl_name, users.client_nname, users.auth_id, users.execution_id, users.db_name, locks.lock_mode, locks.lock_status, locks.lock_object_name, locks.lock_escalation FROM TABLE (SNAPSHOT_APPL_INFO(current server, -1)) users INNER JOIN TABLE (SNAPSHOT_LOCK(current server, -1)) locks ON users.agent_id = locks.agent_id ORDER BY locks.table_schema, users.execution_id, users.auth_id, users.agent_id, locks.table_name
         ]]>
         </SQL>
      </Command>

   </Commands>

   <!-- =================================================================== -->
   <!-- Definition of the object actions that are used by the tree and views -->
   <!-- =================================================================== -->

   <ObjectsActionDef>

      <ActionGroup type="Schemas">
         <Action id="db2-schemas-create" label="Create Schema" reload="true"
                 resetschemas="true" icon="add">
            <Input label="Schema Name" name="schemaName" style="text"/>
            <Input label="Authorization Name" name="osUserid" style="text">
               <Default>&lt;owner&gt;</Default>
            </Input>
            <Command>
              <SQL><![CDATA[create schema ${schemaName} authorization ${osUserid}]]></SQL>
            </Command>
            <Result>
               Schema ${schemaName} created!
            </Result>
         </Action>
      </ActionGroup>

      <ActionGroup type="Schema">
         <Action id="db2-schema-drop" label="Drop Schema" reload="true"
                 resetschemas="true" icon="remove">
            <Input label="Schema" style="text" editable="false">
               <Default>${schema}</Default>
            </Input>
            <Command><SQL><![CDATA[drop schema "${schema}" restrict]]></SQL></Command>
            <Confirm>
               Really drop schema ${schema}?
            </Confirm>
            <Result>
               Schema ${schema} has been dropped!
            </Result>
         </Action>

         <Action id="db2-schema-comment" label="Comment Schema">
            <Input label="Schema" style="text" editable="false">
               <Default>${schema}</Default>
            </Input>
            <Input label="Comment" name="comment" style="text">
               <Default>
                  <Command>
                     <SQL><![CDATA[select remarks from syscat.schemata where schemaname = '${schema}']]></SQL>
                  </Command>
               </Default>
            </Input>
            <Command>
               <SQL><![CDATA[comment on schema "${schema}" is '${comment}']]></SQL>
            </Command>
            <Confirm>
               Apply new comment on ${schema}?
            </Confirm>
         </Action>
         <Action id="db2-schema-export" label="Export Schema"
                 icon="export" reload="false"
                 class="schemaExport"
                 doclink="../exportImport/exportImport.html#mozTocId816546"/>
      </ActionGroup>

      <ActionGroup type="Tables">
         <Action id="db2-tables-create-table" label="Create Table"
                 icon="add" reload="true"
                 class="tableCreateOrAlter"
                 classargs="create"
                 doclink="../tableDesigner/tableDesigner.html#mozTocId786186"/>
         <Action id="db2-new-table-import-data"
                 label="Import Table Data"
                 icon="import"
                 class="tableDataImport"
                 doclink="../exportImport/exportImport.html#mozTocId708449"/>
        </ActionGroup>

      <ActionGroup type="Table">
         <Action id="db2-tables-alter-table" label="Alter Table"
                 icon="edit" reload="true"
                 class="tableCreateOrAlter"
                 classargs="alter"
                 doclink="../tableDesigner/tableDesigner.html#mozTocId740254"/>

         <Action id="db2-table-rename" label="Rename Table" reload="true" icon="rename">
            <Input label="Schema" style="text" editable="false">
               <Default>${schema}</Default>
            </Input>
            <Input label="Table" style="text" editable="false">
               <Default>${objectname}</Default>
            </Input>
            <Input label="New Table Name" name="newTable" style="text"/>
            <Command>
               <SQL><![CDATA[rename table "${schema}"."${objectname}" to "${newTable}"]]></SQL>
            </Command>
            <Confirm>
               Confirm rename of ${schema}.${objectname} to ${newTable}?
            </Confirm>
            <Result>
               Table ${schema}.${objectname} renamed to ${newTable}!
            </Result>
         </Action>

         <Action id="db2-table-clear" label="Empty Table" reload="true">
            <Input label="Schema" style="text" editable="false">
               <Default>${schema}</Default>
            </Input>
            <Input label="Table" style="text" editable="false">
               <Default>${objectname}</Default>
            </Input>

            <!--DBVIS-1374 The "Empty Table" action used to truncate a table doesn't work in DB2 9.7-->
            <If test="(#dm.getDatabaseMajorVersion() eq 9 and #dm.getDatabaseMinorVersion() gte 7)
                       or #dm.getDatabaseMajorVersion() gt 10">
               <Input label="Use Command" name="useCommand" style="radio">
                  <Values>TRUNCATE|DELETE</Values>
                  <Default>TRUNCATE</Default>
               </Input>
            </If>

            <SetVar name="_command" value="#useCommand != null and #useCommand.equals('TRUNCATE') ? 'truncate table' : 'delete from'"/>

            <!--DBVIS-1374 The "Empty Table" action used to truncate a table doesn't work in DB2 9.7-->
            <If test="(#dm.getDatabaseMajorVersion() eq 9 and #dm.getDatabaseMinorVersion() gte 7)
                       or #dm.getDatabaseMajorVersion() gt 10">
               <SetVar name="_immediate" value="#_command.startsWith('truncate') ? 'immediate' : ''"/>
            </If>
            <Else>
               <SetVar name="_immediate" value="''"/>
            </Else>

            <Command>
               <SQL><![CDATA[${_command} "${schema}"."${objectname}" ${_immediate}]]></SQL>
            </Command>
            <Confirm>
               Really remove all rows in table ${schema}.${objectname}?
            </Confirm>
            <Result>
               All rows in table ${schema}.${objectname} has been removed!
            </Result>
         </Action>

         <Action id="db2-table-drop" label="Drop Table" reload="true" icon="remove">
            <Input label="Schema" style="text" editable="false">
               <Default>${schema}</Default>
            </Input>
            <Input label="Table" style="text" editable="false">
               <Default>${objectname}</Default>
            </Input>
            <Input label="Table Hierarchy" name="hierarchy" style="check">
               <Values>hierarchy</Values>
            </Input>
            <Command><SQL><![CDATA[drop table ${hierarchy} "${schema}"."${objectname}"]]></SQL></Command>
            <Confirm>
               Really drop table ${schema}.${objectname}?
            </Confirm>
            <Result>
               Table ${schema}.${objectname} has been dropped!
            </Result>
         </Action>

         <Action id="db2-table-comment" label="Comment Table" reload="true">
            <Input label="Schema" style="text" editable="false">
               <Default>${schema}</Default>
            </Input>
            <Input label="Table" style="text" editable="false">
               <Default>${objectname}</Default>
            </Input>
            <Input label="Comment" name="comment" style="text">
               <Default>${getTables.REMARKS}</Default>
            </Input>
            <Command>
               <SQL><![CDATA[comment on table "${schema}"."${objectname}" is '${comment}']]></SQL>
            </Command>
            <Confirm>
               Apply new comment on ${schema}.${objectname}?
            </Confirm>
         </Action>

         <Action id="db2-table-import-data" label="Import Table Data" icon="import"
                 class="tableDataImport"
                 doclink="../exportImport/exportImport.html#mozTocId708449"/>

         <Action id="db2-table-export" label="Export Table" icon="export"
                 class="tableExport"
                 doclink="../exportImport/exportImport.html#mozTocId584466"/>

         <Separator/>

         <Action id="db2-table-create-index" label="Create Index" reload="true">
            <Input label="Schema" style="text" editable="false">
               <Default>${schema}</Default>
            </Input>
            <Input label="Table" style="text" editable="false">
               <Default>${objectname}</Default>
            </Input>
            <Input label="Index Name" name="indexname" style="text"/>
            <Input label="Unique" name="unique" style="check">
               <Values>unique</Values>
            </Input>

            <Input label="Columns" style="separator"/>

            <Input name="columns" style="grid">
               <Arg name="output" value='"${columnname}"${_sortorder}'/>
               <Arg name="newline" value=", "/>

               <Input name="columnname" label="Column Name" style="list">
                  <Values column="4">
                     <Command idref="getColumnNamesFor">
                        <Input name="table_catalog" value="${catalog}"/>
                        <Input name="table_schema" value="${schema}"/>
                        <Input name="table_name" value="${objectname}"/>
                     </Command>
                  </Values>
                  <Default>${0}</Default>
               </Input>
               <Input name="sortorder" label="Sort Order" style="radio">
                  <Labels>ASC|DESC|Default</Labels>
                  <Values>ASC|DESC|</Values>
                  <Default>ASC</Default>
               </Input>
               <SetVar name="_sortorder" value='#sortorder.equals("") ? "" : " " + #sortorder'/>
            </Input>

            <SetVar name="_unique" value='#unique.equals("") ? "" : " " + #unique'/>
            <SetVar name="_columns" value='#columns.trim().equals("") ? "" : "(" + #columns + ")"'/>
            <SetVar name="_indexname" value='#indexname.trim().equals("") ? "" : " \"" + #indexname + "\""'/>

            <Command>
               <SQL>
                  <![CDATA[create${_unique} index${_indexname} on "${schema}"."${objectname}" ${_columns}]]>
               </SQL>
            </Command>
            <Confirm>
               <![CDATA[Create index "${indexname}"?]]>
            </Confirm>
            <Result>
               <![CDATA[Index "${indexname}" created!]]>
            </Result>
         </Action>

         <Action id="derby-tabletrigger-create" label="Create Trigger" icon="add" reload="true"
                 doclink="../procEditor/procEditor.html">
            <Input label="Schema" style="text" editable="false">
               <Default>${schema}</Default>
            </Input>
            <Input label="Trigger" name="triggerName" style="text"/>
            <Input label="Trigger Time" name="triggerTime" style="radio">
               <Values>BEFORE|AFTER|INSTEAD OF</Values>
               <Default>AFTER</Default>
            </Input>
            <Input label="Trigger Event" name="triggerEvent" style="radio">
               <Values>DELETE|INSERT|UPDATE</Values>
               <Default>INSERT</Default>
            </Input>
            <Input label="Trigger Type" name="triggerType" style="radio">
               <Values>STATEMENT|ROW</Values>
               <Default>STATEMENT</Default>
            </Input>
            <Input label="Table" style="text" editable="false">
               <Default>${objectname}</Default>
            </Input>
            <Input label="Source" style="separator"/>
            <Input name="source" style="text-editor">
               <Default><![CDATA[
--
--  Insert your own trigger code here
--
    insert into anotherTable (col1, col2) values(val1, val2)]]>
               </Default>
            </Input>

            <SetVar name="refType" value='#triggerType.equals("STATEMENT") ? " table" : ""'/>
            <SetVar name="_refd" value='#triggerEvent.equals("DELETE") ? "referencing old" + #refType + " as \"OLD_" + #objectname + "\"" : ""'/>
            <SetVar name="_refi" value='#triggerEvent.equals("INSERT") ? "referencing new" + #refType + " as \"NEW_" + #objectname + "\"" : ""'/>
            <SetVar name="_refu" value='#triggerEvent.equals("UPDATE") ? "referencing old" + #refType + " as \"OLD_" + #objectname + "\" new" + #refType + " as \"NEW_" + #objectname + "\"" : ""'/>

            <SetVar name="_ref1" value="#_refi.equals('') ? #_refd : #_refi"/>
            <SetVar name="_ref2" value="#_refu.equals('') ? #_ref1 : #_refu"/>

            <SetVar name="_references" value="#triggerTime.equals('BEFORE') ? '' : '\n  ' + #_ref2"/>

            <Command parsesql="false">
               <SQL><![CDATA[
create trigger "${schema}"."${triggerName}"
  ${triggerTime} ${triggerEvent}
  on "${schema}"."${objectname}"${_references}
  for each ${triggerType}
${source}]]>
               </SQL>
            </Command>
            <Result>
               <![CDATA[Trigger <b>${schema}.${triggerName}</b> created.]]>
            </Result>
         </Action>

         <Separator/>

         <ActionGroup label="Script Object to SQL Editor">
            <Action id="db2-table-script-select" label="SELECT" icon="selectFrom"
                    class="sqlBuilder"
                    classargs="select"/>
            <Action id="db2-table-script-insert" label="INSERT" icon="insertRow"
                    class="sqlBuilder"
                    classargs="insert"/>
            <Action id="db2-table-script-update" label="UPDATE" icon="updateRow"
                    class="sqlBuilder"
                    classargs="update"/>
            <Action id="db2-table-script-delete" label="DELETE" icon="deleteWhere"
                    class="sqlBuilder"
                    classargs="delete"/>

            <Separator/>

            <Action id="db2-table-script-create" label="CREATE TABLE" icon="createTable"
                    class="ddlGenerator"
                    classargs="createTable"/>
         </ActionGroup>

         <ActionGroup label="Script Object to New SQL Editor">
            <Action id="db2-table-script-select-new" label="SELECT" icon="selectFrom"
                    class="sqlBuilder"
                    classargs="select,newEditor"/>
            <Action id="db2-table-script-insert-new" label="INSERT" icon="insertRow"
                    class="sqlBuilder"
                    classargs="insert,newEditor"/>
            <Action id="db2-table-script-update-new" label="UPDATE" icon="updateRow"
                    class="sqlBuilder"
                    classargs="update,newEditor"/>
            <Action id="db2-table-script-delete-new" label="DELETE" icon="deleteWhere"
                    class="sqlBuilder"
                    classargs="delete,newEditor"/>

            <Separator/>

            <Action id="db2-table-script-create-new" label="CREATE TABLE" icon="createTable"
                    class="ddlGenerator"
                    classargs="createTable,newEditor"/>
         </ActionGroup>
      </ActionGroup>

      <ActionGroup type="Column">
         <Action id="db2-column-comment" label="Comment Column" reload="true">
            <Input label="Schema" style="text" editable="false">
               <Default>${schema}</Default>
            </Input>
            <Input label="Table" style="text" editable="false">
               <Default>${theTableName}</Default>
            </Input>
            <Input label="Column" style="text" editable="false">
               <Default>${objectname}</Default>
            </Input>
            <Input label="Comment" name="comment" style="text">
               <Default>${getColumns.REMARKS}</Default>
            </Input>
            <Command>
               <SQL><![CDATA[comment on column "${schema}"."${theTableName}"."${objectname}" is '${comment}']]></SQL>
            </Command>
            <Confirm>
               Apply new comment on ${schema}.${theTableName}.${objectname}?
            </Confirm>
         </Action>
      </ActionGroup>

      <ActionGroup type="View">
         <Action id="db2-view-drop" label="Drop View" reload="true" icon="remove">
            <Input label="Schema" style="text" editable="false">
               <Default>${schema}</Default>
            </Input>
            <Input label="View" style="text" editable="false">
               <Default>${objectname}</Default>
            </Input>
            <Command><SQL><![CDATA[drop view "${schema}"."${objectname}"]]></SQL></Command>
            <Confirm>
               Really drop view ${schema}.${objectname}?
            </Confirm>
            <Result>
               View ${schema}.${objectname} has been dropped!
            </Result>
         </Action>

         <Action id="db2-view-comment" label="Comment View" reload="true">
            <Input label="Schema" style="text" editable="false">
               <Default>${schema}</Default>
            </Input>
            <Input label="View" style="text" editable="false">
               <Default>${objectname}</Default>
            </Input>
            <Input label="Comment" name="comment" style="text">
               <Default>${db2.getViews.REMARKS}</Default>
            </Input>
            <Command>
               <SQL><![CDATA[comment on table "${schema}"."${objectname}" is '${comment}']]></SQL>
            </Command>
            <Confirm>
               Apply new comment on ${schema}.${objectname}?
            </Confirm>
         </Action>

         <Separator/>

         <Action id="db2-viewtrigger-create" label="Create Trigger" icon="add" reload="true"
                 doclink="../procEditor/procEditor.html">
            <Input label="Schema" style="text" editable="false">
               <Default>${schema}</Default>
            </Input>
            <Input label="Trigger" name="triggerName" style="text"/>
            <Input label="Trigger Time" name="triggerTime" style="radio" editable="false">
               <Values>INSTEAD OF</Values>
               <Default>INSTEAD OF</Default>
            </Input>
            <Input label="Trigger Event" name="triggerEvent" style="radio">
               <Values>DELETE|INSERT|UPDATE</Values>
               <Default>INSERT</Default>
            </Input>
            <Input label="Trigger Type" name="triggerType" style="radio" editable="false">
               <Values>ROW</Values>
               <Default>ROW</Default>
            </Input>
            <Input label="View" style="text" editable="false">
               <Default>${objectname}</Default>
            </Input>
            <Input label="Source" style="separator"/>
            <Input name="source" style="text-editor">
               <Default><![CDATA[
--
--  Insert your own trigger code here
--
    insert into anotherTable (col1, col2) values(val1, val2)]]>
               </Default>
            </Input>

            <SetVar name="refType" value='#triggerType.equals("STATEMENT") ? " table" : ""'/>
            <SetVar name="_refd" value='#triggerEvent.equals("DELETE") ? "referencing old" + #refType + " as \"OLD_" + #objectname + "\"" : ""'/>
            <SetVar name="_refi" value='#triggerEvent.equals("INSERT") ? "referencing new" + #refType + " as \"NEW_" + #objectname + "\"" : ""'/>
            <SetVar name="_refu" value='#triggerEvent.equals("UPDATE") ? "referencing old" + #refType + " as \"OLD_" + #objectname + "\" new" + #refType + " as \"NEW_" + #objectname + "\"" : ""'/>

            <SetVar name="_ref1" value="#_refi.equals('') ? #_refd : #_refi"/>
            <SetVar name="_ref2" value="#_refu.equals('') ? #_ref1 : #_refu"/>

            <SetVar name="_references" value="#triggerTime.equals('BEFORE') ? '' : '\n  ' + #_ref2"/>

            <Command parsesql="false">
               <SQL><![CDATA[
create trigger "${schema}"."${triggerName}"
  ${triggerTime} ${triggerEvent}
  on "${schema}"."${objectname}"${_references}
  for each ${triggerType}
${source}]]>
               </SQL>
            </Command>
            <Result>
               <![CDATA[Trigger <b>${schema}.${triggerName}</b> created.]]>
            </Result>
         </Action>

         <Separator/>

         <ActionGroup label="Script Object to SQL Editor">
            <Action id="db2-view-script-select" label="SELECT" icon="selectFrom"
                    class="sqlBuilder"
                    classargs="select"/>
            <Action id="db2-view-script-insert" label="INSERT" icon="insertRow"
                    class="sqlBuilder"
                    classargs="insert"/>
            <Action id="db2-view-script-update" label="UPDATE" icon="updateRow"
                    class="sqlBuilder"
                    classargs="update"/>
            <Action id="db2-view-script-delete" label="DELETE" icon="deleteWhere"
                    class="sqlBuilder"
                    classargs="delete"/>

            <Separator/>

            <Action id="db2-view-script-create" label="CREATE VIEW" icon="createTable"
                    class="ddlGenerator"
                    classargs="createView"/>
         </ActionGroup>

         <ActionGroup label="Script Object to New SQL Editor">
            <Action id="db2-view-script-select-new" label="SELECT" icon="selectFrom"
                    class="sqlBuilder"
                    classargs="select,newEditor"/>
            <Action id="db2-view-script-insert-new" label="INSERT" icon="insertRow"
                    class="sqlBuilder"
                    classargs="insert,newEditor"/>
            <Action id="db2-view-script-update-new" label="UPDATE" icon="updateRow"
                    class="sqlBuilder"
                    classargs="update,newEditor"/>
            <Action id="db2-view-script-delete-new" label="DELETE" icon="deleteWhere"
                    class="sqlBuilder"
                    classargs="delete,newEditor"/>

            <Separator/>

            <Action id="db2-view-script-create-new" label="CREATE VIEW" icon="createTable"
                    class="ddlGenerator"
                    classargs="createView,newEditor"/>
         </ActionGroup>
      </ActionGroup>

      <ActionGroup type="Aliases">
         <Action id="db2-aliases-create" label="Create Alias" reload="true" icon="add">
            <Input label="Alias Schema" name="aliasSchema" style="list">
               <Values>
                  <Command>
                     <SQL><![CDATA[select distinct rtrim(schemaname) from syscat.schemata where schemaname not like 'SYS%' order by 1]]></SQL>
                  </Command>
               </Values>
               <Default>${schema}</Default>
            </Input>
            <Input label="Alias Name" name="aliasName" style="text"/>
            <Input label="Object Schema" name="objSchema" style="list">
               <Values>
                  <Command>
                     <SQL><![CDATA[select distinct rtrim(schemaname) from syscat.schemata order by 1]]></SQL>
                  </Command>
               </Values>
               <Default>${schema}</Default>
            </Input>
            <Input label="Object Name" name="objName" style="text"/>
            <Command>
              <SQL><![CDATA[create alias "${aliasSchema}"."${aliasName}" for "${objSchema}"."${objName}"]]></SQL>
            </Command>
            <Result>
               Alias ${aliasSchema}.${aliasName} created!
            </Result>
         </Action>
      </ActionGroup>

      <ActionGroup type="Alias">
         <Action id="db2-alias-drop" label="Drop Alias" reload="true" icon="remove">
            <Input label="Schema" style="text" editable="false">
               <Default>${schema}</Default>
            </Input>
            <Input label="Alias" style="text" editable="false">
               <Default>${objectname}</Default>
            </Input>
            <Command><SQL><![CDATA[drop alias "${schema}"."${objectname}"]]></SQL></Command>
            <Confirm>
               Really drop alias ${schema}.${objectname}?
            </Confirm>
            <Result>
               Alias ${schema}.${objectname} has been dropped!
            </Result>
         </Action>

         <Action id="db2-alias-comment" label="Comment Alias" reload="true">
            <Input label="Schema" style="text" editable="false">
               <Default>${schema}</Default>
            </Input>
            <Input label="Alias" style="text" editable="false">
               <Default>${objectname}</Default>
            </Input>
            <Input label="Comment" name="comment" style="text">
               <Default>${db2.getTables.REMARKS}</Default>
            </Input>
            <Command>
               <SQL><![CDATA[comment on alias "${schema}"."${objectname}" is '${comment}']]></SQL>
            </Command>
            <Confirm>
               Apply new comment on ${schema}.${objectname}?
            </Confirm>
         </Action>

         <Separator/>

         <ActionGroup label="Script Object to SQL Editor">
            <Action id="db2-alias-script-select" label="SELECT" icon="selectFrom"
                    class="sqlBuilder"
                    classargs="select"/>
            <Action id="db2-alias-script-insert" label="INSERT" icon="insertRow"
                    class="sqlBuilder"
                    classargs="insert"/>
            <Action id="db2-alias-script-update" label="UPDATE" icon="updateRow"
                    class="sqlBuilder"
                    classargs="update"/>
            <Action id="db2-alias-script-delete" label="DELETE" icon="deleteWhere"
                    class="sqlBuilder"
                    classargs="delete"/>
         </ActionGroup>

         <ActionGroup label="Script Object to New SQL Editor">
            <Action id="db2-alias-script-select-new" label="SELECT" icon="selectFrom"
                    class="sqlBuilder"
                    classargs="select,newEditor"/>
            <Action id="db2-alias-script-insert-new" label="INSERT" icon="insertRow"
                    class="sqlBuilder"
                    classargs="insert,newEditor"/>
            <Action id="db2-alias-script-update-new" label="UPDATE" icon="updateRow"
                    class="sqlBuilder"
                    classargs="update,newEditor"/>
            <Action id="db2-alias-script-delete-new" label="DELETE" icon="deleteWhere"
                    class="sqlBuilder"
                    classargs="delete,newEditor"/>
         </ActionGroup>
      </ActionGroup>

      <ActionGroup type="Nickname">
         <Action id="db2-nickname-drop" label="Drop Nickname" reload="true" icon="remove">
            <Input label="Schema" style="text" editable="false">
               <Default>${schema}</Default>
            </Input>
            <Input label="Nickname" style="text" editable="false">
               <Default>${objectname}</Default>
            </Input>
            <Command><SQL><![CDATA[drop nickname "${schema}"."${objectname}"]]></SQL></Command>
            <Confirm>
               Really drop nickname ${schema}.${objectname}?
            </Confirm>
            <Result>
               Nickname ${schema}.${objectname} has been dropped!
            </Result>
         </Action>

         <Action id="db2-nickname-comment" label="Comment Nickname" reload="true">
            <Input label="Schema" style="text" editable="false">
               <Default>${schema}</Default>
            </Input>
            <Input label="Nickname" style="text" editable="false">
               <Default>${objectname}</Default>
            </Input>
            <Input label="Comment" name="comment" style="text">
               <Default>
                  <Command>
                     <SQL><![CDATA[select remarks from syscat.tables where tabschema = '${schema}' and tabname = '${objectname}']]></SQL>
                  </Command>
               </Default>
            </Input>
            <Command>
               <SQL><![CDATA[comment on nickname "${schema}"."${objectname}" is '${comment}']]></SQL>
            </Command>
            <Confirm>
               Apply new comment on ${schema}.${objectname}?
            </Confirm>
         </Action>

         <Separator/>

         <ActionGroup label="Script Object to SQL Editor">
            <Action id="db2-nickname-script-select" label="SELECT" icon="selectFrom"
                    class="sqlBuilder"
                    classargs="select"/>
            <Action id="db2-nickname-script-insert" label="INSERT" icon="insertRow"
                    class="sqlBuilder"
                    classargs="insert"/>
            <Action id="db2-nickname-script-update" label="UPDATE" icon="updateRow"
                    class="sqlBuilder"
                    classargs="update"/>
            <Action id="db2-nickname-script-delete" label="DELETE" icon="deleteWhere"
                    class="sqlBuilder"
                    classargs="delete"/>
         </ActionGroup>

         <ActionGroup label="Script Object to New SQL Editor">
            <Action id="db2-nickname-script-select-new" label="SELECT" icon="selectFrom"
                    class="sqlBuilder"
                    classargs="select,newEditor"/>
            <Action id="db2-nickname-script-insert-new" label="INSERT" icon="insertRow"
                    class="sqlBuilder"
                    classargs="insert,newEditor"/>
            <Action id="db2-nickname-script-update-new" label="UPDATE" icon="updateRow"
                    class="sqlBuilder"
                    classargs="update,newEditor"/>
            <Action id="db2-nickname-script-delete-new" label="DELETE" icon="deleteWhere"
                    class="sqlBuilder"
                    classargs="delete,newEditor"/>
         </ActionGroup>
      </ActionGroup>

      <ActionGroup type="Index">
         <Action id="db2-index-drop" label="Drop Index" reload="true" icon="remove">
            <Input label="Schema" style="text" editable="false">
               <Default>${schema}</Default>
            </Input>
            <Input label="Index" style="text" editable="false">
               <Default>${objectname}</Default>
            </Input>
            <Command><SQL><![CDATA[drop index "${schema}"."${objectname}"]]></SQL></Command>
            <Confirm>
               Really drop index ${schema}.${objectname}?
            </Confirm>
            <Result>
               Index ${schema}.${objectname} dropped!
            </Result>
         </Action>

         <Action id="db2-index-rename" label="Rename Index" reload="true" icon="rename">
            <Input label="Schema" style="text" editable="false">
               <Default>${schema}</Default>
            </Input>
            <Input label="Index" style="text" editable="false">
               <Default>${objectname}</Default>
            </Input>
            <Input label="New Index Name" name="newIndex" style="text"/>
            <Command>
               <SQL><![CDATA[rename index "${schema}"."${objectname}" to "${newIndex}"]]></SQL>
            </Command>
            <Confirm>
               Confirm rename of index ${schema}.${objectname} to ${newIndex}?
            </Confirm>
            <Result>
               Index ${objectname} renamed to ${newIndex}!
            </Result>
         </Action>

         <Action id="db2-index-comment" label="Comment Index" reload="true">
            <Input label="Schema" style="text" editable="false">
               <Default>${schema}</Default>
            </Input>
            <Input label="Index" style="text" editable="false">
               <Default>${objectname}</Default>
            </Input>
            <Input label="Comment" name="comment" style="text">
               <Default>
                  <Command>
                     <SQL><![CDATA[select remarks from syscat.indexes where indschema = '${schema}' and indname = '${objectname}']]></SQL>
                  </Command>
               </Default>
            </Input>
            <Command>
               <SQL><![CDATA[comment on index "${schema}"."${objectname}" is '${comment}']]></SQL>
            </Command>
            <Confirm>
               Apply new comment on ${schema}.${objectname}?
            </Confirm>
         </Action>
      </ActionGroup>

      <ActionGroup type="Sequences">
         <Action id="db2-sequences-create" label="Create Sequence" reload="true" icon="add">
            <Input label="Sequence Owner" style="text" editable="false">
               <Default>${schema}</Default>
            </Input>
            <Input label="Sequence Name" name="sequenceName" style="text"/>
            <Input label="Data Type" name="dataType" style="list">
               <Values>INTEGER|SMALLINT|BIGINT|DECIMAL</Values>
               <Default>INTEGER</Default>
            </Input>
            <Input label="Start With" name="startWith" style="text">
               <Default>1</Default>
            </Input>
            <Input label="Increment By" name="increment" style="text">
               <Default>1</Default>
            </Input>
            <Input label="Min Value" name="minValue" style="text">
               <Default></Default>
            </Input>
            <Input label="Max Value" name="maxValue" style="text">
               <Default></Default>
            </Input>
            <Input label="Cached Values" name="cache" style="text">
               <Default>20</Default>
            </Input>
            <Input label="Cycle" name="cycle" style="radio">
               <Values>no cycle|cycle</Values>
               <Labels>No Cycle|Cycle</Labels>
               <Default>no cycle</Default>
            </Input>
            <Input label="Order" name="order" style="radio">
               <Values>no order|order</Values>
               <Labels>No Order|Order</Labels>
               <Default>no order</Default>
            </Input>

            <SetVar name="_minValue" value="#minValue.trim().equals('') ? 'no minvalue' : 'minvalue ' + #minValue"/>
            <SetVar name="_maxValue" value="#maxValue.trim().equals('') ? 'no maxvalue' : 'maxvalue ' + #maxValue"/>

            <Command><SQL><![CDATA[create sequence "${schema}"."${sequenceName}" as ${dataType} start with ${startWith} increment by ${increment} ${_minValue} ${_maxValue} ${cycle} cache ${cache} ${order}]]></SQL></Command>
            <Result>
               Sequence ${schema}.${sequenceName} created!
            </Result>
         </Action>
      </ActionGroup>

      <ActionGroup type="Sequence">
         <Action id="db2-sequence-drop" label="Drop Sequence" reload="true" icon="remove">
            <Input label="Schema" style="text" editable="false">
               <Default>${schema}</Default>
            </Input>
            <Input label="Sequence" style="text" editable="false">
               <Default>${objectname}</Default>
            </Input>
            <Input label="Restrict" name="restrict" style="check">
               <Values>restrict</Values>
               <Default>restrict</Default>
            </Input>
            <Command><SQL><![CDATA[drop sequence "${schema}"."${objectname}" ${restrict}]]></SQL></Command>
            <Confirm>
               Really drop sequence ${schema}.${objectname}?
            </Confirm>
            <Result>
               Sequence ${schema}.${objectname} dropped!
            </Result>
         </Action>

      </ActionGroup>

      <ActionGroup type="MaterializedQueryTable">
         <Action id="db2-materializedquerytable-drop" label="Drop Materialized Query Table" reload="true" icon="remove">
            <Input label="Schema" style="text" editable="false">
               <Default>${schema}</Default>
            </Input>
            <Input label="Materialized Query Table" style="text" editable="false">
               <Default>${objectname}</Default>
            </Input>
            <Command><SQL><![CDATA[drop table "${schema}"."${objectname}"]]></SQL></Command>
            <Confirm>
               Really drop materialized query table ${schema}.${objectname}?
            </Confirm>
            <Result>
               Materialized query table ${schema}.${objectname} has been dropped!
            </Result>
         </Action>

         <Action id="db2-materializedquerytable-comment" label="Comment Materialized Query Table" reload="true">
            <Input label="Schema" style="text" editable="false">
               <Default>${schema}</Default>
            </Input>
            <Input label="Materialized Query Table" style="text" editable="false">
               <Default>${objectname}</Default>
            </Input>
            <Input label="Comment" name="comment" style="text">
               <Default>
                  <Command>
                     <SQL><![CDATA[select remarks from syscat.tables where tabschema = '${schema}' and tabname = '${objectname}']]></SQL>
                  </Command>
               </Default>
            </Input>
            <Command>
               <SQL><![CDATA[comment on table "${schema}"."${objectname}" is '${comment}']]></SQL>
            </Command>
            <Confirm>
               Apply new comment on ${schema}.${objectname}?
            </Confirm>
         </Action>

         <Action id="db2-materializedquerytable-refresh" label="Refresh Materialized Query Table" reload="true">
            <Input label="Schema" style="text" editable="false">
               <Default>${schema}</Default>
            </Input>
            <Input label="Materialized Query Table" style="text" editable="false">
               <Default>${objectname}</Default>
            </Input>

            <Command>
               <SQL><![CDATA[refresh table "${schema}"."${objectname}"]]></SQL>
            </Command>
            <Confirm>
               Really refresh materialized query table ${schema}.${objectname}?
            </Confirm>
            <Result>
               Materialized query table ${schema}.${objectname} has been refreshed!
            </Result>
         </Action>

         <Separator/>

         <ActionGroup label="Script Object to SQL Editor">
            <Action id="db2-materializedquerytable-script-select" label="SELECT" icon="selectFrom"
                    class="sqlBuilder"
                    classargs="select"/>
            <Action id="db2-materializedquerytable-script-insert" label="INSERT" icon="insertRow"
                    class="sqlBuilder"
                    classargs="insert"/>
            <Action id="db2-materializedquerytable-script-update" label="UPDATE" icon="updateRow"
                    class="sqlBuilder"
                    classargs="update"/>
            <Action id="db2-materializedquerytable-script-delete" label="DELETE" icon="deleteWhere"
                    class="sqlBuilder"
                    classargs="delete"/>
         </ActionGroup>

         <ActionGroup label="Script Object to New SQL Editor">
            <Action id="db2-materializedquerytable-script-select-new" label="SELECT" icon="selectFrom"
                    class="sqlBuilder"
                    classargs="select,newEditor"/>
            <Action id="db2-materializedquerytable-script-insert-new" label="INSERT" icon="insertRow"
                    class="sqlBuilder"
                    classargs="insert,newEditor"/>
            <Action id="db2-materializedquerytable-script-update-new" label="UPDATE" icon="updateRow"
                    class="sqlBuilder"
                    classargs="update,newEditor"/>
            <Action id="db2-materializedquerytable-script-delete-new" label="DELETE" icon="deleteWhere"
                    class="sqlBuilder"
                    classargs="delete,newEditor"/>
         </ActionGroup>
      </ActionGroup>

      <ActionGroup type="Functions">
         <Action id="db2-functions-create" label="Create Function" reload="true" icon="add"
                 doclink="../procEditor/procEditor.html">
            <Input label="Schema" name="functionOwner" style="list">
               <Values>
                  <Command>
                     <SQL><![CDATA[select distinct rtrim(schemaname) from syscat.schemata order by 1]]></SQL>
                  </Command>
               </Values>
               <Default>${schema}</Default>
            </Input>
            <Input label="Function Name" name="functionName" style="text"/>
            <Input label="Return Data Type" name="returns" style="text">
               <Default>VARCHAR(20)</Default>
            </Input>

            <Input label="Parameters" style="separator"/>

            <Input name="parameters" style="grid">
               <Arg name="output" value="${name} ${type}"/>
               <Arg name="newline" value=", "/>

               <Input name="name" label="Name" style="text">
                  <Default>parm</Default>
               </Input>
               <Input name="type" label="Type" style="text">
                  <Default>VARCHAR(20)</Default>
               </Input>
            </Input>

            <SetVar name="_parameters" value='#parameters.trim().equals("") ? "()" : "(" + #parameters + ")"'/>
<!--
            <Input label="Source" style="separator"/>
            <Input name="source" style="text-editor">
               <Default>
                  <![CDATA[
RETURN SELECT CONCAT('Hello, ', CURRENT USER) FROM SYSIBM.SYSDUMMY1
                  ]]>
               </Default>
            </Input>
-->
            <Command parsesql="false">
               <SQL>
                  <![CDATA[
CREATE FUNCTION ${functionOwner}.${functionName}
${_parameters}
RETURNS ${returns}
LANGUAGE SQL
RETURN SELECT CONCAT('Hello, ', CURRENT USER) FROM SYSIBM.SYSDUMMY1
                  ]]>
               </SQL>
            </Command>
            <Confirm>
               Create function ${functionOwner}.${functionName}?
            </Confirm>
            <Result>
               Function ${functionOwner}.${functionName} created!
            </Result>
         </Action>
      </ActionGroup>

      <ActionGroup type="Function">
         <Action id="db2-function-drop" label="Drop Function" reload="true" icon="remove">
         <Input label="Schema" style="text" editable="false">
               <Default>${schema}</Default>
            </Input>
            <Input label="Function" style="text" editable="false">
               <Default>${objectname}</Default>
            </Input>
            <Command><SQL><![CDATA[drop specific function "${schema}"."${db2.getFunctions.SPECIFICNAME}"]]></SQL></Command>
            <Confirm>
               Really drop function ${schema}.${objectname}?
            </Confirm>
            <Result>
               Function ${schema}.${objectname} dropped!
            </Result>
         </Action>

         <Action id="db2-function-comment" label="Comment Function" reload="true">
            <Input label="Schema" style="text" editable="false">
               <Default>${schema}</Default>
            </Input>
            <Input label="Function" style="text" editable="false">
               <Default>${objectname}</Default>
            </Input>
            <Input label="Comment" name="comment" style="text">
               <Default>${db2.getFunctions.REMARKS}</Default>
            </Input>
            <Command>
               <SQL><![CDATA[comment on specific function "${schema}"."${db2.getFunctions.SPECIFICNAME}" is '${comment}']]></SQL>
            </Command>
            <Confirm>
               Apply new comment on ${schema}.${objectname}?
            </Confirm>
         </Action>

         <Separator/>

         <ActionGroup label="Script Object to SQL Editor">
            <Action id="db2-function-call" label="CALL" icon="execute"
                    class="sqlBuilder"
                    classargs="call,function"/>
         </ActionGroup>

         <ActionGroup label="Script Object to New SQL Editor">
            <Action id="db2-function-call-new" label="CALL" icon="execute"
                    class="sqlBuilder"
                    classargs="call,function,newEditor"/>
         </ActionGroup>
      </ActionGroup>

      <ActionGroup type="Procedures">
         <Action id="db2-procedures-create" label="Create Procedure" reload="true" icon="add"
                 doclink="../procEditor/procEditor.html">
            <Input label="Schema" name="procedureOwner" style="list">
               <Values>
                  <Command>
                     <SQL><![CDATA[select distinct rtrim(schemaname) from syscat.schemata order by 1]]></SQL>
                  </Command>
               </Values>
               <Default>${schema}</Default>
            </Input>
            <Input label="Procedure Name" name="procedureName" style="text"/>

            <Input label="Parameters" style="separator"/>

            <Input name="parameters" style="grid">
               <Arg name="output" value="${direction} ${name} ${type}"/>
               <Arg name="newline" value=", "/>

               <Input name="name" label="Name" style="text">
                  <Default>parm</Default>
               </Input>
               <Input name="direction" label="Direction" style="list">
                  <Values>IN|INOUT|OUT</Values>
                  <Default>IN</Default>
               </Input>
               <Input name="type" label="Type" style="text">
                  <Default>VARCHAR(20)</Default>
               </Input>
            </Input>

            <SetVar name="_parameters" value='#parameters.trim().equals("") ? "()" : "(" + #parameters + ")"'/>
<!--
            <Input label="Source" style="separator"/>
            <Input name="source" style="text-editor">
               <Default>
                  <![CDATA[
LANGUAGE SQL
BEGIN
  DECLARE v CHAR(10);
  SELECT CURRENT USER INTO v FROM SYSIBM.SYSDUMMY1;
END
                  ]]>
               </Default>
            </Input>
-->
            <Command parsesql="false">
               <SQL>
                  <![CDATA[
CREATE PROCEDURE ${procedureOwner}.${procedureName}
${_parameters}
LANGUAGE SQL
BEGIN
  DECLARE v CHAR(10);
  SELECT CURRENT USER INTO v FROM SYSIBM.SYSDUMMY1;
END
               ]]>
               </SQL>
            </Command>
            <Confirm>
               Create procedure ${procedureOwner}.${procedureName}?
            </Confirm>
            <Result>
               Procedure ${procedureOwner}.${procedureName} created!
            </Result>
         </Action>
      </ActionGroup>

      <ActionGroup type="Procedure">
         <Action id="db2-procedure-drop" label="Drop Procedure" reload="true" icon="remove">
         <Input label="Schema" style="text" editable="false">
               <Default>${schema}</Default>
            </Input>
            <Input label="Procedure" style="text" editable="false">
               <Default>${objectname}</Default>
            </Input>
            <Command><SQL><![CDATA[drop specific procedure "${schema}"."${db2.getProcedures.SPECIFICNAME}"]]></SQL></Command>
            <Confirm>
               Really drop procedure ${schema}.${objectname}?
            </Confirm>
            <Result>
               Procedure ${schema}.${objectname} dropped!
            </Result>
         </Action>

         <Action id="db2-procedure-comment" label="Comment Procedure" reload="true">
            <Input label="Schema" style="text" editable="false">
               <Default>${schema}</Default>
            </Input>
            <Input label="Procedure" style="text" editable="false">
               <Default>${objectname}</Default>
            </Input>
            <Input label="Comment" name="comment" style="text">
               <Default>${db2.getProcedures.REMARKS}</Default>
            </Input>
            <Command>
               <SQL><![CDATA[comment on specific procedure "${schema}"."${db2.getProcedures.SPECIFICNAME}" is '${comment}']]></SQL>
            </Command>
            <Confirm>
               Apply new comment on ${schema}.${objectname}?
            </Confirm>
         </Action>

         <Separator/>

         <ActionGroup label="Script Object to SQL Editor">
            <Action id="db2-procedure-call" label="CALL" icon="execute"
                    class="sqlBuilder"
                    classargs="call,procedure"/>
         </ActionGroup>

         <ActionGroup label="Script Object to New SQL Editor">
            <Action id="db2-procedure-call-new" label="CALL" icon="execute"
                    class="sqlBuilder"
                    classargs="call,procedure,newEditor"/>
         </ActionGroup>
      </ActionGroup>

      <ActionGroup type="DB2Package">
         <Action id="db2-package-drop" label="Drop Package" reload="true" icon="remove">
         <Input label="Schema" style="text" editable="false">
               <Default>${schema}</Default>
            </Input>
            <Input label="Package" style="text" editable="false">
               <Default>${objectname}</Default>
            </Input>
            <Command><SQL><![CDATA[drop package "${schema}"."${objectname}"]]></SQL></Command>
            <Confirm>
               Really drop package ${schema}.${objectname}?
            </Confirm>
            <Result>
               Procedure ${schema}.${objectname} dropped!
            </Result>
         </Action>
      </ActionGroup>

      <ActionGroup type="Trigger">
         <Action id="db2-trigger-drop" label="Drop Trigger" reload="true" icon="remove">
            <Input label="Schema" style="text" editable="false">
               <Default>${schema}</Default>
            </Input>
            <Input label="Trigger" style="text" editable="false">
               <Default>${objectname}</Default>
            </Input>
            <Command><SQL><![CDATA[drop trigger "${schema}"."${objectname}"]]></SQL></Command>
            <Confirm>
               Really drop trigger ${schema}.${objectname}?
            </Confirm>
            <Result>
               Trigger ${schema}.${objectname} dropped!
            </Result>
         </Action>
         
         <Action id="db2-trigger-comment" label="Comment Trigger" reload="true">
            <Input label="Schema" style="text" editable="false">
               <Default>${schema}</Default>
            </Input>
            <Input label="Trigger" style="text" editable="false">
               <Default>${objectname}</Default>
            </Input>
            <Input label="Comment" name="comment" style="text">
               <Default>${db2.getTriggers.REMARKS}</Default>
            </Input>
            <Command>
               <SQL><![CDATA[comment on trigger "${schema}"."${objectname}" is '${comment}']]></SQL>
            </Command>
            <Confirm>
               Apply new comment on ${schema}.${objectname}?
            </Confirm>
         </Action>
      </ActionGroup>

   </ObjectsActionDef>

   <!-- =================================================================== -->
   <!-- Definition of the database objects tree structure -->
   <!-- This definition do not list catalogs as these are not supported -->
   <!-- by DB2. -->
   <!-- =================================================================== -->

   <ObjectsTreeDef id="db2">
      <GroupNode type="Schemas" label="Schemas">
         <DataNode type="Schema" label="${getSchemas.TABLE_SCHEM}" is-empty-output="continue">
            <SetVar name="schema" value="${getSchemas.TABLE_SCHEM}"/>
            <Command idref="getSchemas">
               <Filter type="Schema" name="Schema">
                  <Column index="TABLE_SCHEM" name="Name"/>
               </Filter>
            </Command>

            <GroupNode type="Tables" label="Tables">
               <DataNode type="Table" label="${getTables.TABLE_NAME}" sort="getTables.TABLE_NAME">
                  <SetVar name="objectname" value="${getTables.TABLE_NAME}"/>
                  <SetVar name="rowcount" value="true"/>
                  <SetVar name="acceptInQB" value="true"/>
                  <Command idref="getTables">
                     <Input name="schema" value="${getSchemas.TABLE_SCHEM}"/>
                     <Input name="objectname" value="%"/>
                     <Input name="tableType" value="TABLE,SYSTEM TABLE"/>
                     <Filter type="Table" name="Table">
                        <Column index="TABLE_NAME" name="Name"/>
                     </Filter>
                  </Command>

                  <!-- Need to keep the objectname for the current table in
                       a new variable so that the viewers will be able to pick up
                       the correct input to display -->
                  <SetVar name="theTableName" value="${objectname}"/>

                  <GroupNode type="Columns" label="Columns">
                     <DataNode type="Column" label="${getColumns.COLUMN_NAME}   (${getColumns.TYPE_NAME})" isLeaf="true">
                        <SetVar name="objectname" value="${getColumns.COLUMN_NAME}"/>
                        <Command idref="getColumns">
                           <Input name="schema" value="${schema}"/>
                           <Input name="objectname" value="${theTableName}"/>
                        </Command>
                     </DataNode>
                  </GroupNode>

                  <GroupNode type="Indexes" label="Indexes">
                     <DataNode type="Index" label="${getIndexes.INDEX_NAME}   (${getIndexes.ORDINAL_POSITION}: ${getIndexes.COLUMN_NAME})" isLeaf="true">
                        <SetVar name="objectname" value="${getIndexes.INDEX_NAME}"/>
                        <Command idref="getIndexes">
                           <Input name="schema" value="${schema}"/>
                           <Input name="objectname" value="${theTableName}"/>
                           <Output modelaction="removeisnullrows" index="INDEX_NAME"/>
                        </Command>
                     </DataNode>
                  </GroupNode>

                  <GroupNode type="Triggers" label="Triggers">
                     <DataNode type="Trigger" label="${db2.getTriggers.TRIGNAME}" isLeaf="true">
                        <SetVar name="objectname" value="${db2.getTriggers.TRIGNAME}"/>
                        <Command idref="db2.getTriggers">
                           <Input name="owner" value="${schema}"/>
                           <Input name="tableNamePattern" value="${theTableName}"/>
                        </Command>
                     </DataNode>
                  </GroupNode>
               </DataNode>
            </GroupNode>

            <GroupNode type="Views" label="Views">
               <DataNode type="View" label="${db2.getViews.VIEWNAME}">
                  <SetVar name="objectname" value="${db2.getViews.VIEWNAME}"/>
                  <SetVar name="rowcount" value="true"/>
                  <SetVar name="acceptInQB" value="true"/>
                  <Command idref="db2.getViews">
                     <Input name="owner" value="${schema}"/>
                     <Input name="view" value="%"/>
                     <Input name="type" value="V"/>
                  </Command>
                  
                  <!-- Need to keep the objectname for the current view in
                       a new variable so that the viewers will be able to pick up
                       the correct input to display -->
                  <SetVar name="theTableName" value="${objectname}"/>

                  <GroupNode type="Triggers" label="Triggers">
                     <DataNode type="Trigger" label="${db2.getTriggers.TRIGNAME}" isLeaf="true">
                        <SetVar name="objectname" value="${db2.getTriggers.TRIGNAME}"/>
                        <Command idref="db2.getTriggers">
                           <Input name="owner" value="${schema}"/>
                           <Input name="tableNamePattern" value="${theTableName}"/>
                        </Command>
                     </DataNode>
                  </GroupNode>
               </DataNode>
            </GroupNode>

            <GroupNode type="Aliases" label="Aliases">
               <DataNode type="Alias" label="${db2.getTables.TABNAME}   (${db2.getTables.BASE_TABSCHEMA}.${db2.getTables.BASE_TABNAME})" isLeaf="true">
                  <SetVar name="objectname" value="${db2.getTables.TABNAME}"/>
                  <SetVar name="rowcount" value="true"/>
                  <SetVar name="acceptInQB" value="true"/>
                  <Command idref="db2.getTables">
                     <Input name="owner" value="${schema}"/>
                     <Input name="table" value="%"/>
                     <Input name="type" value="A"/>
                  </Command>
               </DataNode>
            </GroupNode>

            <GroupNode type="Nicknames" label="Nicknames">
               <DataNode type="Nickname" label="${db2.getTables.TABNAME}" isLeaf="true">
                  <SetVar name="objectname" value="${db2.getTables.TABNAME}"/>
                  <SetVar name="rowcount" value="true"/>
                  <Command idref="db2.getTables">
                     <Input name="owner" value="${schema}"/>
                     <Input name="table" value="%"/>
                     <Input name="type" value="N"/>
                  </Command>
               </DataNode>
            </GroupNode>

            <SetVar name="theTableName" value="%"/>

            <GroupNode type="Indexes" label="Indexes">
               <DataNode type="Index" label="${db2.getIndexes.INDNAME}   (${db2.getIndexes.TABSCHEMA}.${db2.getIndexes.TABNAME})" isLeaf="true">
                  <SetVar name="objectname" value="${db2.getIndexes.INDNAME}"/>
                  <Command idref="db2.getIndexes">
                     <Input name="owner" value="${schema}"/>
                  </Command>
               </DataNode>
            </GroupNode>

            <GroupNode type="Sequences" label="Sequences">
               <DataNode type="Sequence" label="${db2.getSequences.SEQNAME}" isLeaf="true">
                  <SetVar name="objectname" value="${db2.getSequences.SEQNAME}"/>
                  <Command idref="db2.getSequences">
                     <Input name="owner" value="${schema}"/>
                     <Filter type="Sequence" name="Sequence">
                        <Column index="SEQNAME" name="Name"/>
                     </Filter>
                  </Command>
               </DataNode>
            </GroupNode>

            <GroupNode type="SystemTables" label="System Tables" isLeaf="true"/>

            <GroupNode type="MaterializedQueryTables" label="Materialized Query Tables">
               <DataNode type="MaterializedQueryTable" label="${db2.getViews.VIEWNAME}" isLeaf="false">
                  <SetVar name="objectname" value="${db2.getViews.VIEWNAME}"/>
                  <SetVar name="rowcount" value="true"/>
                  <SetVar name="acceptInQB" value="true"/>
                  <Command idref="db2.getViews">
                     <Input name="owner" value="${schema}"/>
                     <Input name="view" value="%"/>
                     <Input name="type" value="S"/>
                  </Command>

                  <!-- Need to keep the objectname for the current table in
                       a new variable so that the viewers will be able to pick up
                       the correct input to display -->
                  <SetVar name="theTableName" value="${objectname}"/>

                  <GroupNode type="Indexes" label="Indexes">
                     <DataNode type="Index" label="${getIndexes.INDEX_NAME}   (${getIndexes.ORDINAL_POSITION}: ${getIndexes.COLUMN_NAME})" isLeaf="true">
                        <SetVar name="objectname" value="${getIndexes.INDEX_NAME}"/>
                        <Command idref="getIndexes">
                           <Input name="schema" value="${schema}"/>
                           <Input name="objectname" value="${theTableName}"/>
                           <Output modelaction="removeisnullrows" index="INDEX_NAME"/>
                        </Command>
                     </DataNode>
                  </GroupNode>

               </DataNode>
            </GroupNode>

            <GroupNode type="Functions" label="Functions">
               <DataNode type="Function" label="${db2.getFunctions.FUNCNAME} (${db2.getFunctions.SPECIFICNAME})" isLeaf="true">
                  <SetVar name="objectname" value="${db2.getFunctions.FUNCNAME}"/>
                  <SetVar name="getDDLName" value="${db2.getFunctions.SPECIFICNAME}"/>
                  <Command idref="db2.getFunctions">
                     <Input name="owner" value="${schema}"/>
                  </Command>
               </DataNode>
            </GroupNode>

            <GroupNode type="Procedures" label="Stored Procedures">
               <DataNode type="Procedure" label="${db2.getProcedures.PROCNAME} (${db2.getProcedures.SPECIFICNAME})" isLeaf="true">
                  <SetVar name="objectname" value="${db2.getProcedures.PROCNAME}"/>
                  <SetVar name="getDDLName" value="${db2.getProcedures.SPECIFICNAME}"/>
                  <Command idref="db2.getProcedures">
                     <Input name="owner" value="${schema}"/>
                  </Command>
               </DataNode>
            </GroupNode>

            <GroupNode type="DB2Packages" label="Packages">
               <DataNode type="DB2Package" label="${db2.getPackages.PKGNAME}" isLeaf="true">
                  <SetVar name="objectname" value="${db2.getPackages.PKGNAME}"/>
                  <Command idref="db2.getPackages">
                     <Input name="owner" value="${schema}"/>
                  </Command>
               </DataNode>
            </GroupNode>

            <SetVar name="theTableName" value="%"/>

            <GroupNode type="Triggers" label="Triggers">
               <DataNode type="Trigger" label="${db2.getTriggers.TRIGNAME}" isLeaf="true">
                  <SetVar name="objectname" value="${db2.getTriggers.TRIGNAME}"/>
                  <Command idref="db2.getTriggers">
                     <Input name="owner" value="${schema}"/>
                     <Input name="tableNamePattern" value="${theTableName}"/>
                  </Command>
               </DataNode>
            </GroupNode>
         </DataNode>
      </GroupNode>

      <GroupNode type="DBA" label="DBA Views">
         <GroupNode type="Users" label="Users">
            <DataNode type="User" label="${db2.getGrantees.GRANTEE}" isLeaf="true">
               <SetVar name="objectname" value="${db2.getGrantees.GRANTEE}"/>
               <Command idref="db2.getGrantees">
                  <Input name="granteetype" value="U"/>
                  <Input name="grantee" value="%"/>
               </Command>
            </DataNode>
         </GroupNode>

         <GroupNode type="Groups" label="Groups">
            <DataNode type="Group" label="${db2.getGrantees.GRANTEE}" isLeaf="true">
               <SetVar name="objectname" value="${db2.getGrantees.GRANTEE}"/>
               <Command idref="db2.getGrantees">
                  <Input name="granteetype" value="G"/>
                  <Input name="grantee" value="%"/>
               </Command>
            </DataNode>
         </GroupNode>

         <If test="#dm.getDatabaseMajorVersion() gte 8">
            <GroupNode type="Locks" label="Locks" isLeaf="true"/>
         </If>

         <GroupNode type="Tablespaces" label="Table Spaces" isLeaf="true"/>
      </GroupNode>

   </ObjectsTreeDef>

   <!-- =================================================================== -->
   <!-- Definition of the database objects views -->
   <!-- =================================================================== -->

   <!-- Include the generic-view -->
   &generic-view;

   <ObjectsViewDef id="db2" extends="generic">

      <ObjectView type="Schemas">
         <DataView type="Schemas" label="Schemas" viewer="grid">
            <Command idref="db2.getSchemas"/>
         </DataView>
      </ObjectView>

      <ObjectView type="Schema">
         <!-- Drop all views since these are available for type="Tables" -->
         <DataView type="Tables" action="drop"/>
         <DataView type="References" action="drop"/>
      </ObjectView>

      <ObjectView type="Tables">
         <!-- Replace the Tables view with a specific for DB2 -->
         <DataView type="Tables" label="Tables" viewer="grid">
            <Input name="menuItem" value="Script: SELECT ALL">
               <Input name="command" value="select * from ${schema=TABSCHEMA}${object=TABNAME}"/>
            </Input>
            <Input name="menuItem" value="Script: DROP TABLE">
               <Input name="command" value="drop table ${schema=TABSCHEMA}${object=TABNAME}"/>
            </Input>

            <Command idref="db2.getTables">
               <Input name="owner" value="${schema}"/>
               <Input name="table" value="%"/>
               <Input name="type" value="T"/>
            </Command>
         </DataView>
         <DataView type="References" label="References" viewer="tables-refs"
                 doclink="../databaseExplorer/databaseExplorer.html#mozTocId809328">
            <Command idref="getTables">
               <Input name="schema" value="${schema}"/>
               <Input name="objectname" value="%"/>
               <Input name="tableType" value="TABLE,SYSTEM TABLE"/>
            </Command>
         </DataView>
      </ObjectView>

      <!-- Sub def of the Table type view -->
      <ObjectView type="Table">
         <!-- Replace the Info view -->
         <DataView type="Info" label="Info" viewer="form">
            <Command idref="db2.getTables">
               <Input name="owner" value="${schema}"/>
               <Input name="table" value="${objectname}"/>
               <Input name="type" value="T"/>
            </Command>
         </DataView>

         <!-- Drop the Versioned view -->
         <DataView type="Versioned" action="drop"/>

         <!-- Add the Trigger view -->
         <DataView type="Trigger" label="Triggers" viewer="form">
            <Command idref="db2.getTableTriggers">
               <Input name="owner" value="${schema}"/>
               <Input name="table" value="${objectname}"/>
            </Command>
         </DataView>

         <!-- Add the Constraints view -->
         <DataView type="Constraints" label="Constraints" viewer="grid">
            <Command idref="db2.getTableConstraints">
               <Input name="owner" value="${schema}"/>
               <Input name="table" value="${objectname}"/>
            </Command>
         </DataView>

         <DataView type="Source" label="DDL" viewer="ddl">
            <Input name="formatSQL" value="true"/>
         </DataView>

      </ObjectView>

      <ObjectView type="Views">
         <DataView type="Views" label="Views" viewer="grid">
            <Input name="menuItem" value="Script: SELECT ALL">
               <Input name="command" value="select * from ${schema=VIEWSCHEMA}${object=VIEWNAME}"/>
            </Input>
            <Input name="menuItem" value="Script: DROP VIEW">
               <Input name="command" value="drop view ${schema=VIEWSCHEMA}${object=VIEWNAME}"/>
            </Input>

            <Command idref="db2.getViews">
               <Input name="owner" value="${schema}"/>
               <Input name="view" value="%"/>
               <Input name="type" value="V"/>
            </Command>
         </DataView>
      </ObjectView>

      <ObjectView type="View">
         <DataView type="Info" label="Info" viewer="node-form"/>
         <DataView type="Columns" label="Columns" viewer="grid">
            <Command idref="db2.getColumns">
               <Input name="owner" value="${db2.getViews.VIEWSCHEMA}"/>
               <Input name="table" value="${objectname}"/>
            </Command>
         </DataView>
         <DataView type="Data" label="Data" viewer="table-data"/>
         <DataView type="RowCount" label="Row Count" viewer="table-rowcount"/>
         <DataView type="Source" label="DDL" viewer="ddl">
            <Input name="objectType" value="createView"/>
            <Input name="formatSQL" value="true"/>
         </DataView>
      </ObjectView>

      <ObjectView type="Aliases">
         <DataView type="Aliases" label="Aliases" viewer="grid">
            <Command idref="db2.getTables">
               <Input name="owner" value="${schema}"/>
               <Input name="table" value="%"/>
               <Input name="type" value="A"/>
            </Command>
         </DataView>
      </ObjectView>

      <ObjectView type="Alias">
         <DataView type="Info" label="Info" viewer="node-form"/>
         <DataView type="Columns" label="Columns" viewer="grid">
            <Command idref="db2.getColumns">
               <Input name="owner" value="${db2.getTables.BASE_TABSCHEMA}"/>
               <Input name="table" value="${db2.getTables.BASE_TABNAME}"/>
            </Command>
         </DataView>
         <DataView type="Data" label="Data" viewer="table-data"/>
         <DataView type="RowCount" label="Row Count" viewer="table-rowcount"/>
      </ObjectView>

      <ObjectView type="Nicknames">
         <DataView type="Nicknames" label="Nicknames" viewer="grid">
            <Command idref="db2.getTables">
               <Input name="owner" value="${schema}"/>
               <Input name="table" value="%"/>
               <Input name="type" value="N"/>
            </Command>
         </DataView>
      </ObjectView>

      <ObjectView type="Nickname">
         <DataView type="Info" label="Info" viewer="node-form"/>
         <DataView type="Columns" label="Columns" viewer="grid">
            <Command idref="db2.getColumns">
               <Input name="owner" value="${db2.getTables.TABSCHEMA}"/>
               <Input name="table" value="${objectname}"/>
            </Command>
         </DataView>
         <DataView type="Data" label="Data" viewer="table-data"/>
         <DataView type="RowCount" label="Row Count" viewer="table-rowcount"/>
      </ObjectView>

      <ObjectView type="MaterializedQueryTables">
         <DataView type="MaterializedQueryTables" label="Materialized Query Tables" viewer="grid">
            <Input name="menuItem" value="Script: SELECT ALL">
               <Input name="command" value="select * from ${schema=VIEWSCHEMA}${object=VIEWNAME}"/>
            </Input>
            <Input name="menuItem" value="Script: DROP TABLE">
               <Input name="command" value="drop table ${schema=VIEWSCHEMA}${object=VIEWNAME}"/>
            </Input>

            <Command idref="db2.getViews">
               <Input name="owner" value="${schema}"/>
               <Input name="view" value="%"/>
               <Input name="type" value="S"/>
            </Command>
         </DataView>
      </ObjectView>

      <ObjectView type="MaterializedQueryTable">
         <DataView type="Info" label="Info" viewer="node-form"/>
         <DataView type="Columns" label="Columns" viewer="grid">
            <Command idref="db2.getColumns">
               <Input name="owner" value="${schema}"/>
               <Input name="table" value="${objectname}"/>
            </Command>
         </DataView>
         <DataView type="Data" label="Data" viewer="table-data"/>
         <DataView type="RowCount" label="Row Count" viewer="table-rowcount"/>
         <DataView type="Index" label="Indexes" viewer="grid">
            <Command idref="getIndexes">
               <Input name="schema" value="${schema}"/>
               <Input name="objectname" value="${objectname}"/>
               <Output modelaction="removeisnullrows" index="INDEX_NAME"/>
            </Command>
         </DataView>
         <DataView type="Source" label="Source" viewer="text">
            <Input name="formatSQL" value="true"/>
            <Command idref="db2.getViewSource">
               <Input name="owner" value="${schema}"/>
               <Input name="view" value="${objectname}"/>
            </Command>
         </DataView>
      </ObjectView>

      <ObjectView type="SystemTables">
         <DataView type="SystemTables" label="SYSCAT" viewer="grid">
            <Input name="menuItem" value="Script: SELECT ALL">
               <Input name="command" value="select * from ${schema=TABSCHEMA}${object=TABNAME}"/>
            </Input>

            <Command idref="db2.getSystemTables">
               <Input name="owner" value="SYSCAT"/>
            </Command>
         </DataView>
         <DataView type="SystemTables" label="SYSFUN" viewer="grid">
            <Input name="menuItem" value="Script: SELECT ALL">
               <Input name="command" value="select * from ${schema=TABSCHEMA}${object=TABNAME}"/>
            </Input>

            <Command idref="db2.getSystemTables">
               <Input name="owner" value="SYSFUN"/>
            </Command>
         </DataView>
         <DataView type="SystemTables" label="SYSIBM" viewer="grid">
            <Input name="menuItem" value="Script: SELECT ALL">
               <Input name="command" value="select * from ${schema=TABSCHEMA}${object=TABNAME}"/>
            </Input>

            <Command idref="db2.getSystemTables">
               <Input name="owner" value="SYSIBM"/>
            </Command>
         </DataView>
         <DataView type="SystemTables" label="SYSSTAT" viewer="grid">
            <Input name="menuItem" value="Script: SELECT ALL">
               <Input name="command" value="select * from ${schema=TABSCHEMA}${object=TABNAME}"/>
            </Input>

            <Command idref="db2.getSystemTables">
               <Input name="owner" value="SYSSTAT"/>
            </Command>
         </DataView>
      </ObjectView>

      <ObjectView type="Indexes">
         <DataView type="Indexes" label="Indexes" viewer="grid">
            <Command idref="db2.getIndexes">
               <Input name="owner" value="${schema}"/>
               <Input name="tableNamePattern" value="${theTableName}"/>
            </Command>
         </DataView>
      </ObjectView>

      <ObjectView type="Index">
         <DataView type="Index" label="Index" viewer="node-form"/>
<!-- The "Index" view above show the columns already. -->
         <!--<DataView type="Columns" label="Columns" viewer="form">-->
            <!--<Command idref="db2.getIndexColumns">-->
               <!--<Input name="owner" value="${db2.getIndexes.INDSCHEMA}"/>-->
               <!--<Input name="name" value="${objectname}"/>-->
            <!--</Command>-->
         <!--</DataView>-->
      </ObjectView>

      <ObjectView type="Sequences">
         <DataView type="Sequences" label="Sequences" viewer="grid">
            <Command idref="db2.getSequences">
               <Input name="owner" value="${schema}"/>
            </Command>
         </DataView>
      </ObjectView>

      <ObjectView type="Sequence">
         <DataView type="Info" label="Info" viewer="node-form"/>
      </ObjectView>

      <ObjectView type="Triggers">
         <DataView type="Triggers" label="Triggers" viewer="grid">
            <Command idref="db2.getTriggers">
               <Input name="owner" value="${schema}"/>
               <Input name="tableNamePattern" value="${theTableName}"/>
            </Command>
         </DataView>
      </ObjectView>

      <ObjectView type="Trigger">
         <DataView type="SourceEditor" label="Trigger Editor"
                   viewer="ProcedureViewer"
                   classargs="TRIGGER"
                   doclink="../procEditor/procEditor.html"/>
         <DataView type="Info" label="Info" viewer="node-form"/>
         <DataView type="Source" label="Source" viewer="text">
            <Input name="formatSQL" value="true"/>
            <Command idref="db2.getTableTriggerSource">
               <Input name="owner" value="${db2.getTriggers.TABSCHEMA}"/>
               <Input name="name" value="${objectname}"/>
            </Command>
         </DataView>
      </ObjectView>

      <ObjectView type="Procedures">
         <!--
            Need to drop the default "Procedures" as we add a new one but with
            a different label i.e. the replace feature checks both the type and
            label
         -->
         <DataView type="Procedures" action="drop"/>

         <DataView type="Procedures" label="Stored Procedures" viewer="grid">
            <Command idref="db2.getProcedures">
               <Input name="owner" value="${schema}"/>
            </Command>
         </DataView>
      </ObjectView>

      <ObjectView type="Procedure">
         <!-- Drop this one -->
         <DataView type="Columns" action="drop"/>

         <DataView type="SourceEditor" label="Procedure Editor"
                   viewer="ProcedureViewer"
                   classargs="PROCEDURE"
                   doclink="../procEditor/procEditor.html">
         </DataView>
         <DataView type="Info" label="Info" viewer="node-form"/>
         <DataView type="Interface" label="Interface" viewer="form">
            <Command idref="db2.getProcedureParms">
               <Input name="owner" value="${schema}"/>
               <Input name="procedure" value="${objectname}"/>
               <Input name="specificname" value="${db2.getProcedures.SPECIFICNAME}"/>
            </Command>
         </DataView>
      </ObjectView>

      <ObjectView type="Functions">
         <DataView type="Functions" label="Functions" viewer="grid">
            <Command idref="db2.getFunctions">
               <Input name="owner" value="${schema}"/>
            </Command>
         </DataView>
      </ObjectView>

      <ObjectView type="Function">
         <DataView type="SourceEditor" label="Function Editor"
                   viewer="ProcedureViewer"
                   classargs="FUNCTION"
                   doclink="../procEditor/procEditor.html">
         </DataView>
         <DataView type="Info" label="Info" viewer="node-form"/>
         <DataView type="Input" label="Parameters" viewer="form">
            <Command idref="db2.getFunctionParms">
               <Input name="owner" value="${schema}"/>
               <Input name="function" value="${objectname}"/>
               <Input name="specificname" value="${db2.getFunctions.SPECIFICNAME}"/>
               <Input name="rowtype" value="'P'"/>
            </Command>
         </DataView>
         <DataView type="Output" label="Result" viewer="form">
            <Command idref="db2.getFunctionParms">
               <Input name="owner" value="${schema}"/>
               <Input name="function" value="${objectname}"/>
               <Input name="specificname" value="${db2.getFunctions.SPECIFICNAME}"/>
               <Input name="rowtype" value="'R','C'"/>
            </Command>
         </DataView>
      </ObjectView>

      <ObjectView type="DB2Packages">
         <DataView type="Packages" label="Packages" viewer="grid">
            <Command idref="db2.getPackages">
               <Input name="owner" value="${schema}"/>
            </Command>
         </DataView>
      </ObjectView>

      <ObjectView type="DB2Package">
         <DataView type="Info" label="Info" viewer="node-form"/>
      </ObjectView>

      <!-- DBA views -->

      <ObjectView type="Users">
         <DataView type="Users" label="Users" viewer="grid">
            <Command idref="db2.getGrantees">
               <Input name="granteetype" value="U"/>
               <Input name="grantee" value="%"/>
            </Command>
         </DataView>
      </ObjectView>

      <ObjectView type="User">
         <DataView type="Info" label="Info" viewer="node-form"/>
         <DataView type="Privileges" label="Schema Privilege" viewer="grid">
            <Command idref="db2.getAuth">
               <Input name="table" value="schemaauth"/>
               <Input name="grantee" value="${objectname}"/>
            </Command>
         </DataView>

         <DataView type="Privileges" label="Table Privilege" viewer="grid">
            <Command idref="db2.getAuth">
               <Input name="table" value="tabauth"/>
               <Input name="grantee" value="${objectname}"/>
            </Command>
         </DataView>

         <DataView type="Privileges" label="Column Privilege" viewer="grid">
            <Command idref="db2.getAuth">
               <Input name="table" value="colauth"/>
               <Input name="grantee" value="${objectname}"/>
            </Command>
         </DataView>

         <DataView type="Privileges" label="Index Privilege" viewer="grid">
            <Command idref="db2.getAuth">
               <Input name="table" value="indexauth"/>
               <Input name="grantee" value="${objectname}"/>
            </Command>
         </DataView>

         <DataView type="Privileges" label="Package Privilege" viewer="grid">
            <Command idref="db2.getAuth">
               <Input name="table" value="packageauth"/>
               <Input name="grantee" value="${objectname}"/>
            </Command>
         </DataView>

         <DataView type="Privileges" label="Passthru Privilege" viewer="grid">
            <Command idref="db2.getAuth">
               <Input name="table" value="passthruauth"/>
               <Input name="grantee" value="${objectname}"/>
            </Command>
         </DataView>
      </ObjectView>

      <ObjectView type="Groups">
         <DataView type="Groups" label="Roles" viewer="grid">
            <Command idref="db2.getGrantees">
               <Input name="granteetype" value="G"/>
               <Input name="grantee" value="%"/>
            </Command>
         </DataView>
      </ObjectView>

      <ObjectView type="Group">
         <DataView type="Info" label="Info" viewer="node-form"/>
         <DataView type="Privileges" label="Schema Privilege" viewer="grid">
            <Command idref="db2.getAuth">
               <Input name="table" value="schemaauth"/>
               <Input name="grantee" value="${objectname}"/>
            </Command>
         </DataView>

         <DataView type="Privileges" label="Table Privilege" viewer="grid">
            <Command idref="db2.getAuth">
               <Input name="table" value="tabauth"/>
               <Input name="grantee" value="${objectname}"/>
            </Command>
         </DataView>

         <DataView type="Privileges" label="Column Privilege" viewer="grid">
            <Command idref="db2.getAuth">
               <Input name="table" value="colauth"/>
               <Input name="grantee" value="${objectname}"/>
            </Command>
         </DataView>

         <DataView type="Privileges" label="Index Privilege" viewer="grid">
            <Command idref="db2.getAuth">
               <Input name="table" value="indexauth"/>
               <Input name="grantee" value="${objectname}"/>
            </Command>
         </DataView>

         <DataView type="Privileges" label="Package Privilege" viewer="grid">
            <Command idref="db2.getAuth">
               <Input name="table" value="packageauth"/>
               <Input name="grantee" value="${objectname}"/>
            </Command>
         </DataView>

         <DataView type="Privileges" label="Passthru Privilege" viewer="grid">
            <Command idref="db2.getAuth">
               <Input name="table" value="passthruauth"/>
               <Input name="grantee" value="${objectname}"/>
            </Command>
         </DataView>
      </ObjectView>

      <ObjectView type="Locks">
         <DataView type="Locks" label="Locks" viewer="grid">
            <Command idref="db2.getSnapshotLocks"/>
         </DataView>
      </ObjectView>

      <ObjectView type="Tablespaces">
         <DataView type="Tablespaces" label="Table Spaces" viewer="form">
            <Command idref="db2.getTableSpaces"/>
         </DataView>
      </ObjectView>

   </ObjectsViewDef>

</DatabaseProfile>
