<!--
   @(#)$Id: generic-commands.xml 12273 2010-06-01 15:19:25Z rogge $

   Copyright (c) 2010 DbVis Software AB. All Rights Reserved.
-->

<!--
  These variables are provided by DbVisualizer and the XML may depend on these:

  ${dbvis-defaultCatalogOrSchema}  - Is the default catalog (aka database) for
                                     databases such as Sybase, MySQL,
                                     SQL Server, etc. The default
                                     database is specified in the URL during
                                     connect. If the actual database do not
                                     support the catalog concept then this
                                     variable is simply null.

  ${dbvis-jdbcURL} - The JDBC URL that was used to establish the connection.

  ${dbvis-jdbcUser} - The user name as specified in the connection properties.

  ${DIB} / ${DIE} - Delimited Identifier Begin / End

-->

<!-- =================================================================== -->
<!-- Definition of the generic meta data commands that use pure JDBC. -->
<!-- This file is supposed to be included by all profiles. -->
<!-- If adding a command specifically for profile -->
<!-- then it is a good practice to prefix the id of the command with the -->
<!-- id of the profile. -->
<!-- Ex. "oracle.getTables", "postgresql.getProcesses" -->
<!-- =================================================================== -->

<Command id="getTableNamesFor" method="jdbc">
   <Input name="catalog" value="${table_catalog}"/>
   <Input name="schema" value="${table_schema}"/>
   <Input name="tableType" value="TABLE,SYSTEM TABLE,VIEW"/>
</Command>

<Command id="getColumnNamesFor" method="jdbc">
   <Input name="catalog" value="${table_catalog}"/>
   <Input name="schema" value="${table_schema}"/>
   <Input name="objectname" value="${table_name}"/>
</Command>

<Command id="getCatalogNames" method="jdbc">
   <Filter type="Catalog" name="Database">
      <Column index="TABLE_CAT" name="Name"/>
   </Filter>
</Command>

<Command id="getSchemaNames" method="jdbc">
   <Filter type="Schema" name="Schema">
      <Column index="TABLE_SCHEM" name="Name"/>
   </Filter>
</Command>

<Command id="getTableTypes" method="jdbc">
   <Output id="getTableTypes.TABLE_TYPE" index="1"/>
</Command>

<Command id="getCatalogs" method="jdbc">
   <Output id="getCatalogs.TABLE_CAT" index="1"/>
</Command>

<Command id="getSchemas" method="jdbc">
   <Output id="getSchemas.TABLE_SCHEM" index="1"/>
</Command>

<Command id="getTables" method="jdbc">
   <Input name="catalog" value="${catalog}"/>
   <Input name="schema" value="${schema}"/>
   <Input name="objectname" value="${objectname}"/>
   <Input name="tableType" value="${tableType}"/>
   <Output id="getTables.TABLE_CAT" index="1"/>
   <Output id="getTables.TABLE_SCHEM" index="2"/>
   <Output id="getTables.TABLE_NAME" index="3"/>
   <Output id="getTables.TABLE_TYPE" index="4"/>
   <Output id="getTables.REMARKS" index="5"/>
</Command>

<Command id="getIndexes" method="jdbc">
   <Input name="catalog" value="${catalog}"/>
   <Input name="schema" value="${schema}"/>
   <Input name="objectname" value="${objectname}"/>
   <Output id="getIndexes.TABLE_CAT" index="1"/>
   <Output id="getIndexes.TABLE_SCHEM" index="2"/>
   <Output id="getIndexes.TABLE_NAME" index="3"/>
   <Output id="getIndexes.NON_UNIQUE" index="4"/>
   <Output id="getIndexes.INDEX_QUALIFIER" index="5"/>
   <Output id="getIndexes.INDEX_NAME" index="6"/>
   <Output id="getIndexes.TYPE" index="7"/>
   <Output id="getIndexes.ORDINAL_POSITION" index="8"/>
   <Output id="getIndexes.COLUMN_NAME" index="9"/>
   <Output id="getIndexes.ASC_OR_DESC" index="10"/>
   <Output id="getIndexes.CARDINALTIY" index="11"/>
   <Output id="getIndexes.PAGES" index="12"/>
   <Output id="getIndexes.FILTER_CONDITION" index="13"/>
</Command>

<Command id="getPrimaryKeys" method="jdbc">
   <Input name="catalog" value="${catalog}"/>
   <Input name="schema" value="${schema}"/>
   <Input name="objectname" value="${objectname}"/>
   <Output id="getPrimaryKeys.TABLE_CAT" index="1"/>
   <Output id="getPrimaryKeys.TABLE_SCHEM" index="2"/>
   <Output id="getPrimaryKeys.TABLE_NAME" index="3"/>
   <Output id="getPrimaryKeys.COLUMN_NAME" index="4"/>
   <Output id="getPrimaryKeys.KEY_SEQ" index="5"/>
   <Output id="getPrimaryKeys.PK_NAME" index="6"/>
</Command>

<Command id="getColumns" method="jdbc">
   <Input name="catalog" value="${catalog}"/>
   <Input name="schema" value="${schema}"/>
   <Input name="objectname" value="${objectname}"/>
   <Output id="getColumns.TABLE_CAT" index="1"/>
   <Output id="getColumns.TABLE_SCHEM" index="2"/>
   <Output id="getColumns.TABLE_NAME" index="3"/>
   <Output id="getColumns.COLUMN_NAME" index="4"/>
   <Output id="getColumns.DATA_TYPE" index="5"/>
   <Output id="getColumns.TYPE_NAME" index="6"/>
   <Output id="getColumns.COLUMN_SIZE" index="7"/>
   <Output id="getColumns.BUFFER_LENGTH" index="8"/>
   <Output id="getColumns.DECIMAL_DIGITS" index="9"/>
   <Output id="getColumns.NUM_PREC_RADIX" index="10"/>
   <Output id="getColumns.NULLABLE" index="11"/>
   <Output id="getColumns.REMARKS" index="12"/>
   <Output id="getColumns.COLUMN_DEF" index="13"/>
   <Output id="getColumns.SQL_DATA_TYPE" index="14"/>
   <Output id="getColumns.SQL_DATETIME_SUB" index="15"/>
   <Output id="getColumns.CHAR_OCTET_LENGTH" index="16"/>
   <Output id="getColumns.ORDINAL_POSITION" index="17"/>
</Command>

<Command id="getPrivileges" method="jdbc">
   <Input name="catalog" value="${catalog}"/>
   <Input name="schema" value="${schema}"/>
   <Input name="objectname" value="${objectname}"/>
   <Output id="getPrivileges.TABLE_CAT" index="1"/>
   <Output id="getPrivileges.TABLE_SCHEM" index="2"/>
   <Output id="getPrivileges.TABLE_NAME" index="3"/>
   <Output id="getPrivileges.GRANTOR" index="4"/>
   <Output id="getPrivileges.GRANTEE" index="5"/>
   <Output id="getPrivileges.PRIVILEGE" index="6"/>
   <Output id="getPrivileges.IS_GRANTABLE" index="7"/>
</Command>

<Command id="getBestRowIdentifier" method="jdbc">
   <Input name="catalog" value="${catalog}"/>
   <Input name="schema" value="${schema}"/>
   <Input name="objectname" value="${objectname}"/>
   <Output id="getBestRowIdentifier.SCOPE" index="1"/>
   <Output id="getBestRowIdentifier.COLUMN_NAME" index="2"/>
   <Output id="getBestRowIdentifier.DATA_TYPE" index="3"/>
   <Output id="getBestRowIdentifier.TYPE_NAME" index="4"/>
   <Output id="getBestRowIdentifier.COLUMN_SIZE" index="5"/>
   <Output id="getBestRowIdentifier.BUFFER_LENGTH" index="6"/>
   <Output id="getBestRowIdentifier.DECIMAL_DIGITS" index="7"/>
   <Output id="getBestRowIdentifier.PSEUDO_COLUMN" index="8"/>
</Command>

<Command id="getVersionColumns" method="jdbc">
   <Input name="catalog" value="${catalog}"/>
   <Input name="schema" value="${schema}"/>
   <Input name="objectname" value="${objectname}"/>
   <Output id="getVersionColumns.SCOPE" index="1"/>
   <Output id="getVersionColumns.COLUMN_NAME" index="2"/>
   <Output id="getVersionColumns.DATA_TYPE" index="3"/>
   <Output id="getVersionColumns.TYPE_NAME" index="4"/>
   <Output id="getVersionColumns.COLUMN_SIZE" index="5"/>
   <Output id="getVersionColumns.BUFFER_LENGTH" index="6"/>
   <Output id="getVersionColumns.DECIMAL_DIGITS" index="7"/>
   <Output id="getVersionColumns.PSEUDO_COLUMN" index="8"/>
</Command>

<Command id="getProcedures" method="jdbc">
   <Input name="catalog" value="${catalog}"/>
   <Input name="schema" value="${schema}"/>
   <Input name="objectname" value="${objectname}"/>
   <Output id="getProcedures.PROCEDURE_CAT" index="1"/>
   <Output id="getProcedures.PROCEDURE_SCHEM" index="2"/>
   <Output id="getProcedures.PROCEDURE_NAME" index="3"/>
   <Output id="getProcedures.REMARKS" index="7"/>
   <Output id="getProcedures.PROCEDURE_TYPE" index="8"/>
</Command>

<Command id="getProcedureColumns" method="jdbc">
   <Input name="catalog" value="${catalog}"/>
   <Input name="schema" value="${schema}"/>
   <Input name="objectname" value="${objectname}"/>
   <Output id="getProcedureColumns.PROCEDURE_CAT" index="1"/>
   <Output id="getProcedureColumns.PROCEDURE_SCHEM" index="2"/>
   <Output id="getProcedureColumns.PROCEDURE_NAME" index="3"/>
   <Output id="getProcedureColumns.COLUMN_NAME" index="4"/>
   <Output id="getProcedureColumns.COLUMN_TYPE" index="5"/>
   <Output id="getProcedureColumns.DATA_TYPE" index="6"/>
   <Output id="getProcedureColumns.TYPE_NAME" index="7"/>
   <Output id="getProcedureColumns.PRECISION" index="8"/>
   <Output id="getProcedureColumns.LENGTH" index="9"/>
   <Output id="getProcedureColumns.SCALE" index="10"/>
   <Output id="getProcedureColumns.RADIX" index="11"/>
   <Output id="getProcedureColumns.NULLABLE" index="12"/>
   <Output id="getProcedureColumns.REMARKS" index="13"/>
</Command>

<!-- The following two commands for functions requires JDBC 4 drivers -->
<Command id="getFunctions" method="jdbc">
   <Input name="catalog" value="${catalog}"/>
   <Input name="schema" value="${schema}"/>
   <Input name="objectname" value="${objectname}"/>
</Command>

<Command id="getFunctionColumns" method="jdbc">
   <Input name="catalog" value="${catalog}"/>
   <Input name="schema" value="${schema}"/>
   <Input name="objectname" value="${objectname}"/>
</Command>
